<?xml version="1.0" encoding="UTF-8"?>
<definitions xmlns="http://www.omg.org/spec/BPMN/20100524/MODEL" xmlns:xsi="http://www.w3.org/2001/XMLSchema-instance" xmlns:xsd="http://www.w3.org/2001/XMLSchema" xmlns:activiti="http://activiti.org/bpmn" xmlns:bpmndi="http://www.omg.org/spec/BPMN/20100524/DI" xmlns:omgdc="http://www.omg.org/spec/DD/20100524/DC" xmlns:omgdi="http://www.omg.org/spec/DD/20100524/DI" typeLanguage="http://www.w3.org/2001/XMLSchema" expressionLanguage="http://www.w3.org/1999/XPath" targetNamespace="http://www.activiti.org/test">
  <process id="second_approve" name="二级审批流程" isExecutable="true">
    <startEvent id="startEvent" name="开始"></startEvent>
    <userTask id="submitFrom" name="填写审批信息">
      <extensionElements>
        <activiti:formProperty id="message" name="申请信息" type="string" required="true"></activiti:formProperty>
        <activiti:formProperty id="name" name="申请人名称" type="string" required="true"></activiti:formProperty>
        <activiti:formProperty id="submit" name="提交时间" type="date" datePattern="yyyy-MM-dd" required="true"></activiti:formProperty>
        <activiti:formProperty id="submitType" name="确认申请" type="string" required="true"></activiti:formProperty>
      </extensionElements>
    </userTask>
    <sequenceFlow id="flow1" sourceRef="startEvent" targetRef="submitFrom"></sequenceFlow>
    <exclusiveGateway id="decideSubmit" name="提交or取消"></exclusiveGateway>
    <sequenceFlow id="flow2" sourceRef="submitFrom" targetRef="decideSubmit"></sequenceFlow>
    <userTask id="tl_approve" name="主管审批">
      <extensionElements>
        <activiti:formProperty id="tlApprove" name="主管审批" type="string" required="true"></activiti:formProperty>
        <activiti:formProperty id="tlMessage" name="主管备注" type="string" required="true"></activiti:formProperty>
      </extensionElements>
    </userTask>
    <sequenceFlow id="flow3" sourceRef="decideSubmit" targetRef="tl_approve">
      <conditionExpression xsi:type="tFormalExpression"><![CDATA[${submitType=="y" || submitType=="Y" }]]></conditionExpression>
    </sequenceFlow>
    <exclusiveGateway id="decldeTLApprove" name="主管审批校验"></exclusiveGateway>
    <sequenceFlow id="flow4" sourceRef="tl_approve" targetRef="decldeTLApprove"></sequenceFlow>
    <userTask id="hr_approve" name="人事审批">
      <extensionElements>
        <activiti:formProperty id="hrApprove" name="人事审批结果" type="string" required="true"></activiti:formProperty>
        <activiti:formProperty id="hrMessage" name="人事审批备注" type="string" required="true"></activiti:formProperty>
      </extensionElements>
    </userTask>
    <sequenceFlow id="flow5" sourceRef="decldeTLApprove" targetRef="hr_approve">
      <conditionExpression xsi:type="tFormalExpression"><![CDATA[${tlApprove=="y" || tlApprove=="Y"}]]></conditionExpression>
    </sequenceFlow>
    <exclusiveGateway id="decldeHRApprove" name="人事审批校验"></exclusiveGateway>
    <sequenceFlow id="flow6" sourceRef="hr_approve" targetRef="decldeHRApprove"></sequenceFlow>
    <endEvent id="endEvent" name="结束"></endEvent>
    <sequenceFlow id="flow7" sourceRef="decldeHRApprove" targetRef="endEvent">
      <conditionExpression xsi:type="tFormalExpression"><![CDATA[${hrApprove=="Y" || hrApprove =="y"}]]></conditionExpression>
    </sequenceFlow>
    <endEvent id="endEventCancel" name="取消"></endEvent>
    <sequenceFlow id="flow8" sourceRef="decideSubmit" targetRef="endEventCancel">
      <conditionExpression xsi:type="tFormalExpression"><![CDATA[${submitType=="n" || submitType=="N" }]]></conditionExpression>
    </sequenceFlow>
    <sequenceFlow id="flow9" sourceRef="decldeTLApprove" targetRef="submitFrom">
      <conditionExpression xsi:type="tFormalExpression"><![CDATA[${tlApprove=="n" || tlApprove=="N"}]]></conditionExpression>
    </sequenceFlow>
    <sequenceFlow id="flow10" sourceRef="decldeHRApprove" targetRef="submitFrom">
      <conditionExpression xsi:type="tFormalExpression"><![CDATA[${hrApprove=="N" || hrApprove =="n"}]]></conditionExpression>
    </sequenceFlow>
  </process>
  <bpmndi:BPMNDiagram id="BPMNDiagram_second_approve">
    <bpmndi:BPMNPlane bpmnElement="second_approve" id="BPMNPlane_second_approve">
      <bpmndi:BPMNShape bpmnElement="startEvent" id="BPMNShape_startEvent">
        <omgdc:Bounds height="35.0" width="35.0" x="74.0" y="189.0"></omgdc:Bounds>
      </bpmndi:BPMNShape>
      <bpmndi:BPMNShape bpmnElement="submitFrom" id="BPMNShape_submitFrom">
        <omgdc:Bounds height="55.0" width="105.0" x="154.0" y="179.0"></omgdc:Bounds>
      </bpmndi:BPMNShape>
      <bpmndi:BPMNShape bpmnElement="decideSubmit" id="BPMNShape_decideSubmit">
        <omgdc:Bounds height="40.0" width="40.0" x="304.0" y="187.0"></omgdc:Bounds>
      </bpmndi:BPMNShape>
      <bpmndi:BPMNShape bpmnElement="tl_approve" id="BPMNShape_tl_approve">
        <omgdc:Bounds height="55.0" width="105.0" x="389.0" y="180.0"></omgdc:Bounds>
      </bpmndi:BPMNShape>
      <bpmndi:BPMNShape bpmnElement="decldeTLApprove" id="BPMNShape_decldeTLApprove">
        <omgdc:Bounds height="40.0" width="40.0" x="539.0" y="188.0"></omgdc:Bounds>
      </bpmndi:BPMNShape>
      <bpmndi:BPMNShape bpmnElement="hr_approve" id="BPMNShape_hr_approve">
        <omgdc:Bounds height="55.0" width="105.0" x="624.0" y="181.0"></omgdc:Bounds>
      </bpmndi:BPMNShape>
      <bpmndi:BPMNShape bpmnElement="decldeHRApprove" id="BPMNShape_decldeHRApprove">
        <omgdc:Bounds height="40.0" width="40.0" x="774.0" y="189.0"></omgdc:Bounds>
      </bpmndi:BPMNShape>
      <bpmndi:BPMNShape bpmnElement="endEvent" id="BPMNShape_endEvent">
        <omgdc:Bounds height="35.0" width="35.0" x="859.0" y="192.0"></omgdc:Bounds>
      </bpmndi:BPMNShape>
      <bpmndi:BPMNShape bpmnElement="endEventCancel" id="BPMNShape_endEventCancel">
        <omgdc:Bounds height="35.0" width="35.0" x="450.0" y="270.0"></omgdc:Bounds>
      </bpmndi:BPMNShape>
      <bpmndi:BPMNEdge bpmnElement="flow1" id="BPMNEdge_flow1">
        <omgdi:waypoint x="109.0" y="206.0"></omgdi:waypoint>
        <omgdi:waypoint x="154.0" y="206.0"></omgdi:waypoint>
      </bpmndi:BPMNEdge>
      <bpmndi:BPMNEdge bpmnElement="flow2" id="BPMNEdge_flow2">
        <omgdi:waypoint x="259.0" y="206.0"></omgdi:waypoint>
        <omgdi:waypoint x="304.0" y="207.0"></omgdi:waypoint>
      </bpmndi:BPMNEdge>
      <bpmndi:BPMNEdge bpmnElement="flow3" id="BPMNEdge_flow3">
        <omgdi:waypoint x="344.0" y="207.0"></omgdi:waypoint>
        <omgdi:waypoint x="389.0" y="207.0"></omgdi:waypoint>
      </bpmndi:BPMNEdge>
      <bpmndi:BPMNEdge bpmnElement="flow4" id="BPMNEdge_flow4">
        <omgdi:waypoint x="494.0" y="207.0"></omgdi:waypoint>
        <omgdi:waypoint x="539.0" y="208.0"></omgdi:waypoint>
      </bpmndi:BPMNEdge>
      <bpmndi:BPMNEdge bpmnElement="flow5" id="BPMNEdge_flow5">
        <omgdi:waypoint x="579.0" y="208.0"></omgdi:waypoint>
        <omgdi:waypoint x="624.0" y="208.0"></omgdi:waypoint>
      </bpmndi:BPMNEdge>
      <bpmndi:BPMNEdge bpmnElement="flow6" id="BPMNEdge_flow6">
        <omgdi:waypoint x="729.0" y="208.0"></omgdi:waypoint>
        <omgdi:waypoint x="774.0" y="209.0"></omgdi:waypoint>
      </bpmndi:BPMNEdge>
      <bpmndi:BPMNEdge bpmnElement="flow7" id="BPMNEdge_flow7">
        <omgdi:waypoint x="814.0" y="209.0"></omgdi:waypoint>
        <omgdi:waypoint x="859.0" y="209.0"></omgdi:waypoint>
      </bpmndi:BPMNEdge>
      <bpmndi:BPMNEdge bpmnElement="flow8" id="BPMNEdge_flow8">
        <omgdi:waypoint x="324.0" y="227.0"></omgdi:waypoint>
        <omgdi:waypoint x="324.0" y="287.0"></omgdi:waypoint>
        <omgdi:waypoint x="450.0" y="287.0"></omgdi:waypoint>
      </bpmndi:BPMNEdge>
      <bpmndi:BPMNEdge bpmnElement="flow9" id="BPMNEdge_flow9">
        <omgdi:waypoint x="559.0" y="228.0"></omgdi:waypoint>
        <omgdi:waypoint x="559.0" y="324.0"></omgdi:waypoint>
        <omgdi:waypoint x="206.0" y="321.0"></omgdi:waypoint>
        <omgdi:waypoint x="206.0" y="234.0"></omgdi:waypoint>
      </bpmndi:BPMNEdge>
      <bpmndi:BPMNEdge bpmnElement="flow10" id="BPMNEdge_flow10">
        <omgdi:waypoint x="794.0" y="189.0"></omgdi:waypoint>
        <omgdi:waypoint x="793.0" y="135.0"></omgdi:waypoint>
        <omgdi:waypoint x="206.0" y="135.0"></omgdi:waypoint>
        <omgdi:waypoint x="206.0" y="179.0"></omgdi:waypoint>
      </bpmndi:BPMNEdge>
    </bpmndi:BPMNPlane>
  </bpmndi:BPMNDiagram>
</definitions>